변환,실업률
1999/06,7.3
1999/07,7.0
1999/08,6.4
1999/09,5.7
1999/10,5.5
1999/11,5.2
1999/12,5.1
2000/01,5.0
2000/02,4.8
2000/03,4.6
2000/04,4.5
2000/05,4.4
2000/06,4.2
2000/07,4.2
2000/08,4.2
2000/09,4.5
2000/10,4.1
2000/11,4.2
2000/12,4.3
2001/01,4.4
2001/02,4.6
2001/03,4.6
2001/04,4.1
2001/05,3.9
2001/06,3.8
2001/07,3.8
2001/08,3.7
2001/09,3.7
2001/10,3.7
2001/11,3.7
2001/12,3.7
2002/01,3.6
2002/02,3.4
2002/03,3.4
2002/04,3.4
2002/05,3.3
2002/06,3.1
2002/07,3.2
2002/08,3.3
2002/09,3.0
2002/10,3.1
2002/11,3.1
2002/12,3.1
2003/01,3.3
2003/02,3.2
2003/03,3.3
2003/04,3.4
2003/05,3.6
2003/06,3.6
2003/07,3.7
2003/08,3.7
2003/09,3.7
2003/10,3.8
2003/11,3.9
2003/12,3.7
2004/01,3.5
2004/02,3.5
2004/03,3.6
2004/04,3.6
2004/05,3.7
2004/06,3.5
2004/07,3.8
2004/08,3.8
2004/09,3.7
2004/10,3.7
2004/11,3.8
2004/12,3.8
2005/01,3.8
2005/02,3.6
2005/03,3.7
2005/04,3.7
2005/05,3.7
2005/06,3.8
2005/07,3.8
2005/08,3.7
2005/09,4.0
2005/10,3.9
2005/11,3.6
2005/12,3.5
2006/01,3.4
2006/02,3.5
2006/03,3.5
2006/04,3.5
2006/05,3.4
2006/06,3.5
2006/07,3.5
2006/08,3.5
2006/09,3.5
2006/10,3.6
2006/11,3.5
2006/12,3.4
2007/01,3.3
2007/02,3.1
2007/03,3.2
2007/04,3.3
2007/05,3.3
2007/06,3.3
2007/07,3.3
2007/08,3.3
2007/09,3.2
2007/10,3.3
2007/11,3.3
2007/12,3.2
2008/01,3.0
2008/02,2.9
2008/03,3.0
2008/04,3.1
2008/05,3.2
2008/06,3.1
2008/07,3.1
2008/08,3.3
2008/09,3.2
2008/10,3.3
2008/11,3.4
2008/12,3.4
2009/01,3.3
2009/02,3.3
2009/03,3.5
2009/04,3.7
2009/05,3.9
2009/06,3.9
2009/07,3.8
2009/08,3.8
2009/09,3.7
2009/10,3.6
2009/11,3.7
2009/12,3.6
2010/01,4.6
2010/02,4.0
2010/03,3.7
2010/04,3.6
2010/05,3.2
2010/06,3.5
2010/07,3.8
2010/08,3.5
2010/09,3.8
2010/10,3.7
2010/11,3.3
2010/12,3.7
2011/01,3.5
2011/02,3.7
2011/03,3.8
2011/04,3.5
2011/05,3.3
2011/06,3.3
2011/07,3.3
2011/08,3.2
2011/09,3.3
2011/10,3.2
2011/11,3.3
2011/12,3.2
2012/01,3.2
2012/02,3.4
2012/03,3.3
2012/04,3.3
2012/05,3.1
2012/06,3.2
2012/07,3.1
2012/08,3.2
2012/09,3.2
2012/10,3.1
2012/11,3.2
2012/12,3.1
2013/01,3.1
2013/02,3.2
2013/03,3.0
2013/04,3.0
2013/05,3.0
2013/06,3.1
2013/07,3.2
2013/08,3.2
2013/09,3.0
2013/10,3.1
2013/11,3.1
2013/12,3.2
2014/01,3.2
2014/02,3.6
2014/03,3.4
2014/04,3.6
2014/05,3.5
2014/06,3.5
2014/07,3.5
2014/08,3.6
2014/09,3.5
2014/10,3.6
2014/11,3.5
2014/12,3.6
2015/01,3.5
2015/02,3.6
2015/03,3.5
2015/04,3.6
2015/05,3.7
2015/06,3.8
2015/07,3.7
2015/08,3.7
2015/09,3.5
2015/10,3.5
2015/11,3.6
2015/12,3.5
2016/01,3.4
2016/02,3.9
2016/03,3.8
2016/04,3.6
2016/05,3.6
2016/06,3.5
2016/07,3.6
2016/08,4.0
2016/09,3.9
2016/10,3.8
2016/11,3.6
2016/12,3.4
2017/01,3.4
2017/02,4.0
2017/03,3.7
2017/04,3.8
2017/05,3.5
2017/06,3.7
2017/07,3.5
2017/08,4.0
2017/09,3.7
2017/10,3.7
2017/11,3.7
2017/12,3.5
2018/01,3.4
2018/02,3.8
2018/03,4.0
2018/04,3.8
2018/05,3.8
2018/06,3.6
2018/07,3.8
2018/08,4.6
2018/09,4.1
2018/10,4.0
2018/11,3.8
2018/12,3.6
2019/01,3.9
2019/02,3.9
2019/03,3.8
2019/04,4.1
2019/05,3.9
2019/06,3.9
2019/07,3.9
2019/08,3.6
2019/09,3.5
2019/10,3.5
2019/11,3.6
2019/12,3.5
2020/01,3.6
2020/02,3.4
2020/03,3.9
2020/04,3.9
2020/05,4.4
2020/06,4.2
2020/07,4.1
2020/08,3.7
2020/09,4.1
2020/10,4.2
2020/11,4.1
2020/12,4.2
2021/01,4.8
2021/02,4.1
2021/03,3.9
2021/04,3.8
2021/05,3.8
2021/06,3.7
2021/07,3.3
2021/08,3.2
2021/09,3.0
2021/10,3.2
2021/11,3.1
2021/12,3.4
2022/01,3.4
2022/02,2.8
2022/03,2.8
2022/04,2.8
2022/05,2.9
2022/06,2.9
2022/07,2.9
2022/08,2.6
2022/09,2.8
2022/10,2.8
2022/11,2.7
2022/12,3.0
2023/01,2.9
2023/02,2.6
2023/03,2.7
2023/04,2.6
2023/05,2.6
2023/06,2.6
2023/07,2.8
2023/08,2.5
2023/09,2.6
2023/10,2.5
2023/11,2.8
2023/12,3.2
2024/01,3.0
2024/02,2.6
2024/03,2.8
2024/04,2.8
2024/05,2.8
2024/06,2.8
2024/07,2.5
2024/08,2.4
2024/09,2.5
